id,user_name,created_at
269e1f8f-04a1-440b-916b-3b006edbbf74,前島伊吹,2025-06-02 12:11:52.43341+00
4b40af39-3224-4b41-9ab8-d8814c388f5c,奈良崎渉,2025-05-25 00:58:26.596293+00
50fc6c76-4ca5-41c8-be2e-319783e3e889,テスト,2025-05-31 16:55:14.190154+00
62936412-6ca4-4b40-bbcd-03f0fd4a6db4,加藤秀,2025-05-25 01:34:20.740761+00
755a958f-babf-4bef-8bd9-f2cf1179e818,原田莉那,2025-05-25 01:41:55.935102+00
7738e20e-e13c-4731-8c3c-d8cd933a3d7f,堀部晋平,2025-05-21 07:10:01.31532+00
7974531b-7741-4cbd-b4be-80a212460dc8,浅川芽衣,2025-05-25 01:40:36.998611+00
7b3fc116-133f-457a-8338-c6ae6f8bb156,田口ひかり,2025-05-25 01:39:41.843868+00
7d491013-d7a4-4266-b217-de575768595a,松崎円香,2025-05-25 01:48:31.821864+00
80a33763-8679-4fbb-bf6e-985874048965,栗原里奈,2025-05-25 01:32:37.167242+00
932a7880-b05d-44eb-a73d-7cd5a848be71,井上太佑,2025-05-25 01:01:07.248098+00
9b54e9b6-ab3d-41f7-a0cf-a07d8008f4cb,渡邉大心,2025-05-16 16:44:32.748+00
ac40482a-cd54-4d91-bb19-7c057a93e24f,島田辰美,2025-06-15 12:22:16.576752+00
b8d1789c-1832-4a55-a632-9810e1ecfa4d,花吉蓮太郎,2025-05-25 01:25:19.298166+00
c28fb3aa-0c32-44b4-81dc-f1ca1301d3b9,田中琉也,2025-05-25 01:36:42.338388+00
d5c6618c-a974-43d2-b189-900cbbcf773e,前島伊吹,2025-05-25 01:26:41.671704+00
e014ea06-ff72-4cf1-a854-89c93aacb4c1,篠崎玲矩,2025-05-25 01:30:08.822669+00
e337ce8b-0644-499b-94cb-ae097df3d25c,浅井勇人,2025-05-25 01:38:08.468105+00
e40b35c7-ef75-4084-bf0a-a6189be8fbae,栗原優気,2025-05-25 01:33:32.01653+00
eb8c650d-9a4a-439b-a464-f7f302724a9b,,2025-06-02 12:10:16.210673+00
f16f3e83-4c03-4b94-8316-c4dc3e71eb8d,田所玄太,2025-05-25 01:35:18.458907+00
f3b418b1-1492-4401-ab96-a63aee0a7a72,高木司,2025-05-25 01:28:35.434767+00
f5753cc7-607a-423c-ad78-900d5f425ef0,鈴木駿,2025-05-25 01:37:20.889603+00
f88046c9-b15a-4c23-a5aa-74bd43f3ff6d,山本怜奈,2025-05-25 01:42:53.731487+00
fd209360-385c-4376-940d-b6d99e99a769,鈴木真帆,2025-05-25 15:29:39.690755+00
fe5781a7-fe3d-4f9d-af61-be4be03f34cd,井上能位,2025-05-25 01:27:48.790533+00